{
  "PLATFORMS": {
    "version": " ",
    "DATA_TYPE": "Argo meta-data",
    "POSITIONING_SYSTEM": "GPS",
    "PLATFORM_FAMILY": "FLOAT",
    "PLATFORM_TYPE": "NAVIS_EBR",
    "PLATFORM_MAKER": "SBE",
    "FIRMWARE_VERSION": "BGCi_OPTOx_MCOM_SUNA_PH_ICE_EXP 210521",
    "FLOAT_SERIAL_NO": "1101",
    "WMO_INST_TYPE": "863",
    "BATTERY_TYPE": "ELECTROCHEM Lithium 15.0 V",
    "BATTERY_PACKS": "3DD Li",
    "CONTROLLER_BOARD_TYPE_PRIMARY": "NAVIS N1",
    "CONTROLLER_BOARD_SERIAL_NO_PRIMARY": "00000",
    "CONTROLLER_BOARD_TYPE_SECONDARY": " ",
    "CONTROLLER_BOARD_SERIAL_NO_SECONDARY": " "
  },
  "info": {
    "created_by": "BAK test",
    "creation_date": "2023-01-20 15:05:32",
    "contents": "json file to describe a platform for Argo. v0.1 draft",
    "platform_described": "SBE-NAVIS_EBR-1101"
  }
}
