{
  "PLATFORMS": {
    "version": " ",
    "DATA_TYPE": "Argo meta-data",
    "POSITIONING_SYSTEM": "GPS",
    "PLATFORM_FAMILY": "FLOAT",
    "PLATFORM_TYPE": "NAVIS_EBR",
    "PLATFORM_MAKER": "SBE",
    "FIRMWARE_VERSION": "BGCi_OPTOx_MCOM_SUNA_PH_ICE_EXP 210521",
    "FLOAT_SERIAL_NO": "1101",
    "WMO_INST_TYPE": "863",
    "BATTERY_TYPE": "ELECTROCHEM Lithium 15.0 V",
    "BATTERY_PACKS": "3DD Li",
    "CONTROLLER_BOARD_TYPE_PRIMARY": "NAVIS N1",
    "CONTROLLER_BOARD_SERIAL_NO_PRIMARY": "00000",
    "CONTROLLER_BOARD_TYPE_SECONDARY": " ",
    "CONTROLLER_BOARD_SERIAL_NO_SECONDARY": " "
  },
  "SENSORS": [
    {
      "SENSOR": "CTD_PRES",
      "SENSOR_MAKER": "RBR",
      "SENSOR_MODEL": "RBR_PRES_A",
      "SENSOR_SERIAL_NO": "205908",
      "SENSOR_FIRMWARE": " "
    },
    {
      "SENSOR": "CTD_TEMP",
      "SENSOR_MAKER": "RBR",
      "SENSOR_MODEL": "RBR_ARGO3",
      "SENSOR_SERIAL_NO": "205908",
      "SENSOR_FIRMWARE": " "
    },
    {
      "SENSOR": "CTD_CNDC",
      "SENSOR_MAKER": "RBR",
      "SENSOR_MODEL": "RBR_ARGO3",
      "SENSOR_SERIAL_NO": "205908",
      "SENSOR_FIRMWARE": " "
    },
    {
      "SENSOR": "CTD_TEMP_CNDC",
      "SENSOR_MAKER": "RBR",
      "SENSOR_MODEL": "RBR_ARGO3",
      "SENSOR_SERIAL_NO": "205908",
      "SENSOR_FIRMWARE": " "
    },
    {
      "SENSOR": "CTD_PRES2",
      "SENSOR_MAKER": "DRUCK",
      "SENSOR_MODEL": "DRUCK_2900PSIA",
      "SENSOR_SERIAL_NO": "11698373",
      "SENSOR_FIRMWARE": " "
    },
    {
      "SENSOR": "CTD_TEMP2",
      "SENSOR_MAKER": "SBE",
      "SENSOR_MODEL": "SBE41CP",
      "SENSOR_SERIAL_NO": "13875",
      "SENSOR_FIRMWARE": " "
    },
    {
      "SENSOR": "CTD_CNDC2",
      "SENSOR_MAKER": "SBE",
      "SENSOR_MODEL": "SBE41CP",
      "SENSOR_SERIAL_NO": "13875",
      "SENSOR_FIRMWARE": " "
    },
    {
      "SENSOR": "CTD_PRES3",
      "SENSOR_MAKER": "DRUCK",
      "SENSOR_MODEL": "DRUCK_2900PSIA",
      "SENSOR_SERIAL_NO": "11698373",
      "SENSOR_FIRMWARE": " "
    },
    {
      "SENSOR": "CTD_TEMP3",
      "SENSOR_MAKER": "SBE",
      "SENSOR_MODEL": "SBE41CP",
      "SENSOR_SERIAL_NO": "13875",
      "SENSOR_FIRMWARE": " "
    },
    {
      "SENSOR": "CTD_CNDC3",
      "SENSOR_MAKER": "SBE",
      "SENSOR_MODEL": "SBE41CP",
      "SENSOR_SERIAL_NO": "13875",
      "SENSOR_FIRMWARE": " "
    },
    {
      "SENSOR": "OPTODE_DOXY",
      "SENSOR_MAKER": "AANDERAA",
      "SENSOR_MODEL": "AANDERAA_OPTODE_4330",
      "SENSOR_SERIAL_NO": "3901",
      "SENSOR_FIRMWARE": " "
    }
  ],
  "PARAMETERS": [
    {
      "PARAMETER": "PRES",
      "PARAMETER_SENSOR": "CTD_PRES",
      "PARAMETER_UNITS": "dbar",
      "PARAMETER_ACCURACY": "1",
      "PARAMETER_RESOLUTION": "0.02",
      "PREDEPLOYMENT_CALIB_EQUATION": "Pcorr = X0+(Pmeas-X0-X1*(Tpres-X5)-X2*(Tpres-X5)^2-X3*(Tpres-X5)^3)/(1+X4*(Tpres-X5)); Pmeas = C0+C1*VR+C2*VR^2+C3*VR^3;",
      "PREDEPLOYMENT_CALIB_COEFFICIENT": "C0 = -55.76767, C1 = 4.0054912E3, C2 = -66.53745, C3 = 6.39357, X0 = 10.0361, X1 = 184.89905E-3, X2 = 330.90703E-6, X3 = -999.3263E-9, X4 = -86.53429E-6, X5 = 21.942171",
      "PREDEPLOYMENT_CALIB_COEFFICIENTS": {
        "C0": "-55.76767",
        "C1": "4.0054912E3",
        "C2": "-66.53745",
        "C3": "6.39357",
        "X0": "10.0361",
        "X1": "184.89905E-3",
        "X2": "330.90703E-6",
        "X3": "-999.3263E-9",
        "X4": "-86.53429E-6",
        "X5": "21.942171"
      },
      "PREDEPLOYMENT_CALIB_COMMENT": "Pressure Calibration Date              2020-12-03",
      "PREDEPLOYMENT_CALIB_DATE": "2020-12-03"
    },
    {
      "PARAMETER": "TEMP",
      "PARAMETER_SENSOR": "CTD_TEMP",
      "PARAMETER_UNITS": "degC (ITS-90)",
      "PARAMETER_ACCURACY": "0.002",
      "PARAMETER_RESOLUTION": "0.00005",
      "PREDEPLOYMENT_CALIB_EQUATION": "Temperature = 1/(C0+C1*ln(1/VR-1)+C2*ln(1/VR-1)^2+C3*ln(1/VR-1)^3)-273.15;",
      "PREDEPLOYMENT_CALIB_COEFFICIENT": "C0 = 3.4669158E-3, C1 = -249.6654E-6, C2 = 2.4878973E-6, C3 = -60.271525E-9",
      "PREDEPLOYMENT_CALIB_COEFFICIENTS": {
        "C0": "3.4669158E-3",
        "C1": "-249.6654E-6",
        "C2": "2.4878973E-6",
        "C3": "-60.271525E-9"
      },
      "PREDEPLOYMENT_CALIB_COMMENT": "Temperature Calibration Date           2020-12-02",
      "PREDEPLOYMENT_CALIB_DATE": "2020-12-02"
    },
    {
      "PARAMETER": "PSAL",
      "PARAMETER_SENSOR": "CTD_CNDC",
      "PARAMETER_UNITS": "psu",
      "PARAMETER_ACCURACY": "0.003",
      "PARAMETER_RESOLUTION": "0.001",
      "PREDEPLOYMENT_CALIB_EQUATION": "Salinity = PSS-78 (Temperature, Ccorr, Hydrostatic Pressure); Ccorr = (Cmeas-X0*(Tcond-X5))/(1+ X1*(Tcond-X5)+X2*(Pcorr-X6)+X3*(Pcorr-X6)^2+X4*(Pcorr-X6)^3); Cmeas = C0+C1*C2*VR;",
      "PREDEPLOYMENT_CALIB_COEFFICIENT": "C0 = 46.48405E-3, C1 = 152.28053, C2 = 1.0, X0 = 1.1667822E-3, X1 = 70.142356E-9, X2 = 1.8732E-6, X3 = -776.89E-12, X4 = 148.9E-15, X5 = 15.001777, X6 = 10",
      "PREDEPLOYMENT_CALIB_COEFFICIENTS": {
        "C0": "46.48405E-3",
        "C1": "152.28053",
        "C2": "1.0",
        "X0": "1.1667822E-3",
        "X1": "70.142356E-9",
        "X2": "1.8732E-6",
        "X3": "-776.89E-12",
        "X4": "148.9E-15",
        "X5": "15.001777",
        "X6": "10"
      },
      "PREDEPLOYMENT_CALIB_COMMENT": "Conductivity Calibration Date          2020-12-09",
      "PREDEPLOYMENT_CALIB_DATE": "2020-12-09"
    },
    {
      "PARAMETER": "TEMP_CNDC",
      "PARAMETER_SENSOR": "CTD_TEMP_CNDC",
      "PARAMETER_UNITS": "degC (ITS-90)",
      "PARAMETER_ACCURACY": "0.1",
      "PARAMETER_RESOLUTION": "0.06",
      "PREDEPLOYMENT_CALIB_EQUATION": "Temperature = 1/(C0+C1*ln(1/VR-1)+C2*ln(1/VR-1)^2+C3*ln(1/VR-1)^3)-273.15;",
      "PREDEPLOYMENT_CALIB_COEFFICIENT": "C0 = 3.1201642E-3, C1 = -285.56594E-6, C2 = 316.32993E-9, C3 = -1.0767272E-6",
      "PREDEPLOYMENT_CALIB_COEFFICIENTS": {
        "C0": "3.1201642E-3",
        "C1": "-285.56594E-6",
        "C2": "316.32993E-9",
        "C3": "-1.0767272E-6"
      },
      "PREDEPLOYMENT_CALIB_COMMENT": "Temperature_Conductivity Calibration Date          2020-12-02",
      "PREDEPLOYMENT_CALIB_DATE": "2020-12-02"
    },
    {
      "PARAMETER": "PRES2",
      "PARAMETER_SENSOR": "CTD_PRES2",
      "PARAMETER_UNITS": "decibar",
      "PARAMETER_ACCURACY": "2.4",
      "PARAMETER_RESOLUTION": "0.1",
      "PREDEPLOYMENT_CALIB_EQUATION": "y = thermistor_output; t = PTHA0 + PTHA1 * y + PTHA2 * y^2; x = pressure_output - PTCA0 - PTCA1 * t - PTCA2 * t^2; n = x * PTCB0 / (PTCB0 + PTCB1 * t + PTCB2 * t^2); pressure = PA0 + PA1 * n + PA2 * n^2;",
      "PREDEPLOYMENT_CALIB_COEFFICIENT": "     PA0 = -9.688915E-01,     PA1 =  1.403562E-01,     PA2 = -4.016801E-08,   PTCA0 =  3.569194E+01,   PTCA1 = -3.100399E-01,   PTCA2 =  4.930107E-04,   PTCB0 =  2.519888E+01,   PTCB1 = -6.250000E-04,   PTCB2 =  0.000000E+00,   PTHA0 = -7.086474E+01,   PTHA1 =  5.159523E-02,   PTHA2 = -5.051388E-07,  POFFSET =  0.000000E+0,",
      "PREDEPLOYMENT_CALIB_COEFFICIENTS": {
        "PA0": " -1.860485e-001",
        "PA1": " 3.913091e-004",
        "PA2": "-2.833018e-013",
        "PTCA0": "6.794577e+003",
        "PTCA1": "-9.846636e+000",
        "PTCA2": "-6.839699e-001",
        "PTCB0": "3.203647e+005",
        "PTCB1": "2.935842e+001",
        "PTCB2": "-5.287902e-001",
        "PTHA0": "-8.015838e+001",
        "PTHA1": "4.998022e-002",
        "PTHA2": "-4.733751e-007"
      },
      "PREDEPLOYMENT_CALIB_COMMENT": "Pressure Calibration Date              2021-03-31",
      "PREDEPLOYMENT_CALIB_DATE": "2021-03-31"
    },
    {
      "PARAMETER": "TEMP2",
      "PARAMETER_SENSOR": "CTD_TEMP2",
      "PARAMETER_UNITS": "degree_Celsius",
      "PARAMETER_ACCURACY": "0.002",
      "PARAMETER_RESOLUTION": "0.001",
      "PREDEPLOYMENT_CALIB_EQUATION": "Temperature ITS-90 = 1/{a0 + a1[ln(n)] + a2[ln(n)^2] + a3[ln(n)^2]} - 273.15; n = instrument output;",
      "PREDEPLOYMENT_CALIB_COEFFICIENT": "     TA0 =  -8.716632e-004,     TA1 =  2.937892e-004,     TA2 = -3.758125e-006,     TA3 =  1.520066e-007,",
      "PREDEPLOYMENT_CALIB_COEFFICIENTS": {
        "a0": "-8.716632e-004",
        "a1": " 2.937892e-004",
        "a2": "-3.758125e-006",
        "a3": " 1.520066e-007"
      },
      "PREDEPLOYMENT_CALIB_COMMENT": "Temperature Calibration Date           2021-03-31",
      "PREDEPLOYMENT_CALIB_DATE": "2021-03-31"
    },
    {
      "PARAMETER": "PSAL2",
      "PARAMETER_SENSOR": "CTD_CNDC2",
      "PARAMETER_UNITS": "psu",
      "PARAMETER_ACCURACY": "0.005",
      "PARAMETER_RESOLUTION": "0.001",
      "PREDEPLOYMENT_CALIB_EQUATION": "f=INST_FREQ*sqrt(1.0+wBOTC*t)/1000.0;Conductivity=(g+h*f^2+i*f^3+j*f^4)/(1+delta*t+epsilon*p) Siemens/meter;t=temperature[degC];p=pressure[dbar];delta=CTcor;epsilon=CPcor;         ",
      "PREDEPLOYMENT_CALIB_COEFFICIENT": "       g = -1.023943e+000,       h =  1.465505e-001,       i = 2.806563e-004,       j =  4.044779e-005,   CPcor = -9.570001E-08,   CTcor =  3.250000E-06,   WBOTC =  3.1475e-008,       ",
      "PREDEPLOYMENT_CALIB_COEFFICIENTS": {
        "g": "-1.023943e+000",
        "h": " 1.465505e-001",
        "i": "-2.806563e-004",
        "j": " 4.044779e-005",
        "CPcor": "-9.5700e-008",
        "CTcor": "3.2500e-006",
        "WBOTC": " 3.1475e-008"
      },
      "PREDEPLOYMENT_CALIB_COMMENT": "Conductivity Calibration Date          2021-03-31",
      "PREDEPLOYMENT_CALIB_DATE": "2021-03-31"
    },
    {
      "PARAMETER": "PRES3",
      "PARAMETER_SENSOR": "CTD_PRES3",
      "PARAMETER_UNITS": "decibar",
      "PARAMETER_ACCURACY": "2.4",
      "PARAMETER_RESOLUTION": "0.1",
      "PREDEPLOYMENT_CALIB_EQUATION": "y = thermistor_output; t = PTHA0 + PTHA1 * y + PTHA2 * y^2; x = pressure_output - PTCA0 - PTCA1 * t - PTCA2 * t^2; n = x * PTCB0 / (PTCB0 + PTCB1 * t + PTCB2 * t^2); pressure = PA0 + PA1 * n + PA2 * n^2;",
      "PREDEPLOYMENT_CALIB_COEFFICIENT": "     PA0 = -9.688915E-01,     PA1 =  1.403562E-01,     PA2 = -4.016801E-08,   PTCA0 =  3.569194E+01,   PTCA1 = -3.100399E-01,   PTCA2 =  4.930107E-04,   PTCB0 =  2.519888E+01,   PTCB1 = -6.250000E-04,   PTCB2 =  0.000000E+00,   PTHA0 = -7.086474E+01,   PTHA1 =  5.159523E-02,   PTHA2 = -5.051388E-07,  POFFSET =  0.000000E+0,",
      "PREDEPLOYMENT_CALIB_COEFFICIENTS": {
        "PA0": " -1.860485e-001",
        "PA1": " 3.913091e-004",
        "PA2": "-2.833018e-013",
        "PTCA0": "6.794577e+003",
        "PTCA1": "-9.846636e+000",
        "PTCA2": "-6.839699e-001",
        "PTCB0": "3.203647e+005",
        "PTCB1": "2.935842e+001",
        "PTCB2": "-5.287902e-001",
        "PTHA0": "-8.015838e+001",
        "PTHA1": "4.998022e-002",
        "PTHA2": "-4.733751e-007"
      },
      "PREDEPLOYMENT_CALIB_COMMENT": "Pressure Calibration Date              2021-03-31",
      "PREDEPLOYMENT_CALIB_DATE": "2021-03-31"
    },
    {
      "PARAMETER": "TEMP3",
      "PARAMETER_SENSOR": "CTD_TEMP3",
      "PARAMETER_UNITS": "degree_Celsius",
      "PARAMETER_ACCURACY": "0.002",
      "PARAMETER_RESOLUTION": "0.001",
      "PREDEPLOYMENT_CALIB_EQUATION": "Temperature ITS-90 = 1/{a0 + a1[ln(n)] + a2[ln(n)^2] + a3[ln(n)^2]} - 273.15; n = instrument output;",
      "PREDEPLOYMENT_CALIB_COEFFICIENT": "     TA0 =  -8.716632e-004,     TA1 =  2.937892e-004,     TA2 = -3.758125e-006,     TA3 =  1.520066e-007,",
      "PREDEPLOYMENT_CALIB_COEFFICIENTS": {
        "a0": "-8.716632e-004",
        "a1": " 2.937892e-004",
        "a2": "-3.758125e-006",
        "a3": " 1.520066e-007"
      },
      "PREDEPLOYMENT_CALIB_COMMENT": "Temperature Calibration Date           2021-03-31",
      "PREDEPLOYMENT_CALIB_DATE": "2021-03-31"
    },
    {
      "PARAMETER": "PSAL3",
      "PARAMETER_SENSOR": "CTD_CNDC3",
      "PARAMETER_UNITS": "psu",
      "PARAMETER_ACCURACY": "0.005",
      "PARAMETER_RESOLUTION": "0.001",
      "PREDEPLOYMENT_CALIB_EQUATION": "f=INST_FREQ*sqrt(1.0+wBOTC*t)/1000.0;Conductivity=(g+h*f^2+i*f^3+j*f^4)/(1+delta*t+epsilon*p) Siemens/meter;t=temperature[degC];p=pressure[dbar];delta=CTcor;epsilon=CPcor;         ",
      "PREDEPLOYMENT_CALIB_COEFFICIENT": "       g = -1.023943e+000,       h =  1.465505e-001,       i = 2.806563e-004,       j =  4.044779e-005,   CPcor = -9.570001E-08,   CTcor =  3.250000E-06,   WBOTC =  3.1475e-008,       ",
      "PREDEPLOYMENT_CALIB_COEFFICIENTS": {
        "g": "-1.023943e+000",
        "h": " 1.465505e-001",
        "i": "-2.806563e-004",
        "j": " 4.044779e-005",
        "CPcor": "-9.5700e-008",
        "CTcor": "3.2500e-006",
        "WBOTC": " 3.1475e-008"
      },
      "PREDEPLOYMENT_CALIB_COMMENT": "Conductivity Calibration Date          2021-03-31",
      "PREDEPLOYMENT_CALIB_DATE": "2021-03-31"
    },
    {
      "PARAMETER": "C1PHASE_DOXY",
      "PARAMETER_SENSOR": "OPTODE_DOXY",
      "PARAMETER_UNITS": "degree",
      "PARAMETER_ACCURACY": " ",
      "PARAMETER_RESOLUTION": " ",
      "PREDEPLOYMENT_CALIB_EQUATION": "none",
      "PREDEPLOYMENT_CALIB_COEFFICIENT": "none",
      "PREDEPLOYMENT_CALIB_COEFFICIENTS": {
        "A": "n/a"
      },
      "PREDEPLOYMENT_CALIB_COMMENT": "Phase measurement with blue excitation light; see TD269 Operating manual oxygen optode 4330, 4835, 483",
      "PREDEPLOYMENT_CALIB_DATE": "unknown"
    },
    {
      "PARAMETER": "C2PHASE_DOXY",
      "PARAMETER_SENSOR": "OPTODE_DOXY",
      "PARAMETER_UNITS": "degree",
      "PARAMETER_ACCURACY": " ",
      "PARAMETER_RESOLUTION": " ",
      "PREDEPLOYMENT_CALIB_EQUATION": "none",
      "PREDEPLOYMENT_CALIB_COEFFICIENT": "none",
      "PREDEPLOYMENT_CALIB_COEFFICIENTS": {
        "A": "n/a"
      },
      "PREDEPLOYMENT_CALIB_COMMENT": "Phase measurement with red excitation light; see TD269 Operating manual oxygen optode 4330, 4835, 4831",
      "PREDEPLOYMENT_CALIB_DATE": "unknown"
    },
    {
      "PARAMETER": "TEMP_DOXY",
      "PARAMETER_SENSOR": "OPTODE_DOXY",
      "PARAMETER_UNITS": "degC",
      "PARAMETER_ACCURACY": "0.03",
      "PARAMETER_RESOLUTION": "0.01",
      "PREDEPLOYMENT_CALIB_EQUATION": "TEMP_DOXY=T0+T1*TEMP_VOLTAGE_DOXY+T2*TEMP_VOLTAGE_DOXY^2+T3*TEMP_VOLTAGE_DOXY^3+T4*TEMP_VOLTAGE_DOXY^4+T5*TEMP_VOLTAGE_DOXY^5; with TEMP_VOLTAGE_DOXY=voltage from thermistor bridge (mV)",
      "PREDEPLOYMENT_CALIB_COEFFICIENT": "T0=not available; T1=not available; T2=not available; T3=not available; T4=not available; T5=not available",
      "PREDEPLOYMENT_CALIB_COEFFICIENTS": {
        "T0": "not available",
        "T1": "not available",
        "T2": "not available",
        "T3": "not available",
        "T4": "not available",
        "T5": "not available"
      },
      "PREDEPLOYMENT_CALIB_COMMENT": "optode temperature, see TD269 Operating manual oxygen optode 4330, 4835, 4831",
      "PREDEPLOYMENT_CALIB_DATE": "unknown"
    },
    {
      "PARAMETER": "DOXY",
      "PARAMETER_SENSOR": "OPTODE_DOXY",
      "PARAMETER_UNITS": "umol/kg",
      "PARAMETER_ACCURACY": "8 umol/kg or 10%",
      "PARAMETER_RESOLUTION": "1 umol/kg",
      "PREDEPLOYMENT_CALIB_EQUATION": "TPHASE_DOXY=C1PHASE_DOXY-C2PHASE_DOXY; Phase_Pcorr=TPHASE_DOXY+Pcoef1*PRES/1000; CalPhase=PhaseCoef0+PhaseCoef1*Phase_Pcorr+PhaseCoef2*Phase_Pcorr^2+PhaseCoef3*Phase_Pcorr^3; MOLAR_DOXY=[((c3+c4*TEMP_DOXY)/(c5+c6*CalPhase))-1]/Ksv; Ksv=c0+c1*TEMP_DOXY+c2*TEMP_DOXY^2; O2=MOLAR_DOXY*Scorr*Pcorr; Scorr=A*exp[PSAL*(B0+B1*Ts+B2*Ts^2+B3*Ts^3)+C0*PSAL^2]; A=[(1013.25-pH2O(TEMP,Spreset))/(1013.25-pH2O(TEMP,PSAL))]; pH2O(TEMP,S)=1013.25*exp[D0+D1*(100/(TEMP+273.15))+D2*ln((TEMP+273.15)/100)+D3*S]; Pcorr=1+((Pcoef2*TEMP+Pcoef3)*PRES)/1000; Ts=ln[(298.15-TEMP)/(273.15+TEMP)]; DOXY=O2/rho, where rho is the potential density [kg/L] calculated from CTD data",
      "PREDEPLOYMENT_CALIB_COEFFICIENT": "Spreset=0; Pcoef1=0.1, Pcoef2=0.00022, Pcoef3=0.0419; B0=-0.00624523, B1=-0.00737614, B2=-0.010341, B3=-0.00817083; C0=-4.88682e-07; PhaseCoef0=-1.652, PhaseCoef1=1, PhaseCoef2=0, PhaseCoef3=0; c0=0.00261275, c1=0.00011268, c2=2.2309e-06, c3=200.183, c4=-0.223497, c5=-43.6776, c6=4.10578; D0=24.4543, D1=-67.4509, D2=-4.8489, D3=-0.000544",
      "PREDEPLOYMENT_CALIB_COEFFICIENTS": {
        "Spreset": "0",
        "Pcoef1": "0.1",
        "Pcoef2": "0.00022",
        "Pcoef3": "0.0419",
        "B0": "0.00624523",
        "B1": "-0.00737614",
        "B2": "-0.010341",
        "B3": "-0.00817083",
        "C0": "3.1201642E-3",
        "PhaseCoef0": "-1.652",
        "PhaseCoef1": "1",
        "PhaseCoef2": "0",
        "PhaseCoef3": "0",
        "c0": "0.00261275",
        "c1": "0.00011268",
        "c2": "2.2309e-06",
        "c3": "200.183",
        "c4": "-0.223497",
        "c5": "-43.6776",
        "c6": "4.10578",
        "D0": "24.4543",
        "D1": "-67.4509",
        "D2": "-4.8489",
        "D3": "-0.000544",
        "C1": "-285.56594E-6",
        "C2": "316.32993E-9",
        "C3": "-1.0767272E-6"
      },
      "PREDEPLOYMENT_CALIB_COMMENT": "see TD269 Operating manual oxygen optode 4330, 4835, 4831; see Processing Argo OXYGEN data at the DAC level, Version 2.2 (DOI: http://dx.doi.org/10.13155/39795)",
      "PREDEPLOYMENT_CALIB_DATE": "unknown"
    },
    {
      "PARAMETER": "PPOX_DOXY",
      "PARAMETER_SENSOR": "OPTODE_DOXY",
      "PARAMETER_UNITS": "mbar",
      "PARAMETER_ACCURACY": " ",
      "PARAMETER_RESOLUTION": " ",
      "PREDEPLOYMENT_CALIB_EQUATION": "TPHASE_DOXY=C1PHASE_DOXY-C2PHASE_DOXY; Phase_Pcorr=TPHASE_DOXY+Pcoef1*PRES/1000; CalPhase=PhaseCoef0+PhaseCoef1*Phase_Pcorr+PhaseCoef2*Phase_Pcorr^2+PhaseCoef3*Phase_Pcorr^3; Ksv=c0+c1*TEMP_DOXY+c2*TEMP_DOXY^2; MOLAR_DOXY=[((c3+c4*TEMP_DOXY)/(c5+c6*CalPhase))-1]/Ksv; Pcorr=1+((Pcoef2*TEMP+Pcoef3)*PRES)/1000; MOLAR_DOXY=MOLAR_DOXY*Pcorr; pH2Osat=1013.25*exp[D0+D1*(100/(TEMP+273.15))+D2*ln((TEMP+273.15)/100)]; Tcorr=44.6596*exp[2.00907+3.22014*Ts+4.05010*Ts^2+4.94457*Ts^3-2.56847e-1*Ts^4+3.88767*Ts^5]; Ts=ln[(298.15-TEMP)/(273.15+TEMP)]; PPOX_DOXY=MOLAR_DOXY*(0.20946*(1013.25-pH2Osat))/Tcorr*exp[0.317*PRES/(8.314*(TEMP+273.15))]",
      "PREDEPLOYMENT_CALIB_COEFFICIENT": "Pcoef1=0.1, Pcoef2=0.00022, Pcoef3=0.0419; PhaseCoef0=-1.652, PhaseCoef1=1, PhaseCoef2=0, PhaseCoef3=0; c0=0.00261275, c1=0.00011268, c2=2.2309e-06, c3=200.183, c4=-0.223497, c5=-43.6776, c6=4.10578; D0=24.4543, D1=-67.4509, D2=-4.8489",
      "PREDEPLOYMENT_CALIB_COEFFICIENTS": {
        "Pcoef1": "0.1",
        "Pcoef2": "0.00022",
        "Pcoef3": "0.0419",
        "PhaseCoef0": "-1.652",
        "PhaseCoef1": "1",
        "PhaseCoef2": "0",
        "PhaseCoef3": "0",
        "c0": "0.00261275",
        "c1": "0.00011268",
        "c2": "2.2309e-06",
        "c3": "200.183",
        "c4": "-0.223497",
        "c5": "-43.6776",
        "c6": "4.10578",
        "D0": "24.4543",
        "D1": "-67.4509",
        "D2": "-4.8489",
        "C0": "3.1201642E-3",
        "C1": "-285.56594E-6",
        "C2": "316.32993E-9",
        "C3": "-1.0767272E-6"
      },
      "PREDEPLOYMENT_CALIB_COMMENT": "see TD269 Operating manual oxygen optode 4330, 4835, 4831; see Processing Argo OXYGEN data at the DAC level, Version 2.2 (DOI: http://dx.doi.org/10.13155/39795)",
      "PREDEPLOYMENT_CALIB_DATE": "unknown"
    }
  ],
  "info": {
    "created_by": "BAK test",
    "creation_date": "2023-01-20 15:06:41",
    "contents": "json file to describe a platform with sensors for Argo. v0.1 draft",
    "platform_described": "SBE-NAVIS_EBR-1101"
  }
}
